required_staff,available_staff,avg_patient_load,historical_shortage_rate,region_staff_pool,staff_gap,shortage_risk
11,3,34,0.4347101108391708,72,8,1
8,5,19,0.009492655059349464,43,3,1
17,15,39,0.20465401468453231,98,2,0
19,15,34,0.4912242342715396,41,4,1
15,6,16,0.3619316461280233,49,9,1
12,16,29,0.2023362796532522,82,-4,0
17,3,14,0.5433148753978043,23,14,1
9,3,10,0.4635736364696295,96,6,1
11,10,39,0.15893726834204006,78,1,0
14,4,26,0.3871739025154301,27,10,1
7,14,12,0.357450436913374,31,-7,0
11,17,22,0.2407127484233896,50,-6,0
15,10,23,0.2201736475228804,97,5,1
15,9,33,0.20613628486542238,53,6,1
12,12,39,0.37029347003738805,94,0,0
9,12,27,0.2654459618884017,95,-3,0
8,4,13,0.4991178679508532,68,4,1
12,8,27,0.40176156968037713,98,4,1
12,8,39,0.041958963425660474,76,4,1
7,5,14,0.3841009342968996,45,2,0
10,13,34,0.16268846190011088,37,-3,0
9,4,25,0.3556871949920536,57,5,1
6,14,10,0.40807915866207084,69,-8,0
12,3,30,0.13849751349240724,27,9,1
16,8,23,0.2741151869282212,60,8,1
18,14,24,0.11419491769144068,25,4,1
10,7,18,0.03140332547190498,88,3,1
6,16,24,0.22708585409152143,63,-10,0
16,16,26,0.21776656310759518,83,0,0
9,13,34,0.5972882944225542,48,-4,0
5,11,33,0.2678114107185853,47,-6,0
16,3,13,0.20014172968332025,30,13,1
14,17,21,0.3482850040300048,84,-3,0
10,17,36,0.053260436464661075,38,-7,0
17,9,35,0.5769994415728879,28,8,1
16,17,14,0.3809760273546199,46,-1,0
13,7,38,0.4529026919645086,53,6,1
5,7,14,0.10228676290435053,63,-2,0
15,16,20,0.24568671180312232,87,-1,0
15,4,37,0.25361346803771373,34,11,1
19,13,15,0.49308386634065204,70,6,1
14,5,16,0.0007420078556456655,32,9,1
16,9,33,0.18051186501195304,68,7,1
16,8,23,0.5887418246065823,89,8,1
19,14,33,0.28493192610373114,75,5,1
18,4,20,0.22951576814640495,95,14,1
18,8,39,0.07189740121058781,70,10,1
19,4,22,0.5844987771768093,56,15,1
18,4,11,0.01201581355549468,36,14,1
7,4,34,0.44230813500434585,77,3,1
16,16,16,0.46115988287310505,48,0,0
11,17,29,0.14619402963831998,52,-6,0
8,13,13,0.4029350661678224,79,-5,0
13,5,36,0.055757486627633954,74,8,1
7,17,17,0.1542283598592479,29,-10,0
9,4,29,0.472741192975359,66,5,1
7,6,38,0.5188117152201241,42,1,0
11,11,31,0.36509184759587476,40,0,0
9,8,30,0.3041030590922896,32,1,0
13,3,28,0.09558241237138818,52,10,1
11,10,22,0.037865419847490096,43,1,0
6,17,23,0.07058941708413517,30,-11,0
8,14,19,0.13641438005765927,36,-6,0
13,16,20,0.2050047011381525,87,-3,0
16,9,11,0.22854571530659232,66,7,1
18,12,34,0.20779306115340213,44,6,1
6,5,35,0.14343319931835935,92,1,0
14,3,18,0.3058345480510189,40,11,1
13,7,26,0.4951716649397381,31,6,1
14,15,35,0.16782212308288752,56,-1,0
9,6,12,0.5654322114613398,61,3,1
6,12,33,0.5240019970343087,36,-6,0
8,10,15,0.09705852681126577,67,-2,0
16,3,14,0.4717655740542567,47,13,1
19,12,14,0.34475242939066,60,7,1
16,3,31,0.33994521730285115,66,13,1
11,14,24,0.23462565783490463,37,-3,0
16,6,32,0.3006917995092058,97,10,1
17,10,26,0.23830726645752662,90,7,1
12,7,18,0.3238395712559657,32,5,1
19,4,12,0.3767700316635815,32,15,1
7,8,29,0.40458228384542905,50,-1,0
18,7,35,0.31948871553565567,21,11,1
5,4,26,0.432853240397239,35,1,0
8,15,38,0.08476682956530347,28,-7,0
6,16,36,0.12718949454134312,92,-10,0
12,13,19,0.49124100244456204,57,-1,0
8,13,12,0.1935167867078491,94,-5,0
6,13,27,0.013736294985672148,73,-7,0
18,5,27,0.09227468980081865,75,13,1
10,17,39,0.13416866069778674,64,-7,0
10,11,26,0.5743937327367523,53,-1,0
14,9,33,0.3438248573585096,28,5,1
8,9,12,0.5596384442857528,27,-1,0
10,17,12,0.34509801029797493,26,-7,0
17,13,15,0.2876126640827111,55,4,1
19,8,22,0.1882366147164576,37,11,1
6,10,33,0.3638225666600253,22,-4,0
14,6,38,0.0835188147705179,47,8,1
16,10,24,0.5389569763756236,89,6,1
6,6,34,0.4975994430847702,63,0,0
14,10,18,0.1905188687260422,40,4,1
18,11,13,0.5716785165607766,47,7,1
8,5,23,0.4951204604493409,73,3,1
18,5,14,0.3997841315010238,73,13,1
19,13,11,0.07305714667516487,84,6,1
19,15,20,0.28694041382884333,40,4,1
12,4,18,0.3036645329080505,32,8,1
18,15,33,0.13953081501922807,76,3,1
11,12,12,0.047979236615581164,68,-1,0
16,5,36,0.4660341782830156,73,11,1
13,5,37,0.07322103127463701,29,8,1
18,7,38,0.3565744503370648,72,11,1
12,7,18,0.5618695043301963,63,5,1
9,4,12,0.5256631155588255,66,5,1
17,14,34,0.16665157424955668,72,3,1
6,12,11,0.5108691825307592,93,-6,0
19,15,21,0.00019950367229364384,65,4,1
9,8,19,0.010612685767954332,32,1,0
12,7,18,0.36153189830571897,56,5,1
14,8,24,0.2188789314867177,43,6,1
13,3,17,0.23187650469548826,21,10,1
16,7,34,0.33866465440732946,33,9,1
16,11,14,0.11506947335511634,29,5,1
16,14,20,0.127053210399287,54,2,0
17,12,36,0.2907609522113188,44,5,1
13,16,11,0.45255212660631783,22,-3,0
17,4,33,0.3716986508445526,36,13,1
19,3,37,0.17841302894210334,31,16,1
17,16,24,0.2582023065053527,73,1,0
5,12,15,0.10239885512999904,43,-7,0
13,15,17,0.04477788860224902,48,-2,0
11,13,36,0.4696176244464895,62,-2,0
13,11,14,0.15923244551291674,44,2,0
12,12,25,0.10665983271074893,79,0,0
5,11,35,0.41497083334159157,84,-6,0
16,17,27,0.3708310045723116,47,-1,0
12,11,15,0.37991377560807843,35,1,0
12,8,14,0.13733676290796817,66,4,1
19,17,37,0.1395873231376086,77,2,0
15,10,25,0.13248157787138348,95,5,1
7,16,22,0.1042515573973767,46,-9,0
5,13,37,0.39343420353699377,72,-8,0
12,17,14,0.5088095311496408,61,-5,0
7,15,22,0.43459048180599674,78,-8,0
7,3,26,0.4752561802563259,66,4,1
5,12,27,0.24287905745111987,53,-7,0
15,6,17,0.39244547722319884,56,9,1
9,3,22,0.2125417442668647,25,6,1
14,10,39,0.315302773181184,26,4,1
11,3,38,0.2889809079209174,44,8,1
14,5,28,0.10613228708631263,52,9,1
13,15,35,0.23224725620137848,74,-2,0
16,6,12,0.5782933652894106,77,10,1
11,17,33,0.14914815462896525,26,-6,0
13,17,17,0.08028224176769323,76,-4,0
12,17,11,0.25114837297436116,31,-5,0
16,10,17,0.4742026415160888,35,6,1
6,8,36,0.3492889378679834,99,-2,0
5,16,22,0.4085848963429467,62,-11,0
11,12,22,0.11381690890480631,96,-1,0
11,14,10,0.3713689158046329,26,-3,0
18,9,15,0.19410023694688425,70,9,1
12,16,33,0.5005820195728605,92,-4,0
9,10,28,0.3775792836064417,51,-1,0
7,4,25,0.11931376666517754,94,3,1
16,15,17,0.03877000790645169,27,1,0
12,12,37,0.02557992557221964,91,0,0
10,16,10,0.22284514059008445,64,-6,0
15,13,36,0.15951068199258808,78,2,0
7,10,36,0.3876540740775048,23,-3,0
5,5,25,0.29960030098717094,86,0,0
7,9,18,0.15961156680322844,48,-2,0
9,5,22,0.08954266677010567,48,4,1
19,17,20,0.07631985761246975,47,2,0
18,9,22,0.5187962352842506,96,9,1
7,16,34,0.14608678104292033,98,-9,0
5,13,30,0.39102638874658097,63,-8,0
9,17,19,0.48641155679175974,23,-8,0
14,14,13,0.36844878671084164,28,0,0
11,15,36,0.5157391389881675,24,-4,0
19,4,15,0.2354362329170847,75,15,1
18,12,37,0.5737333143893689,69,6,1
11,8,16,0.07988700250685817,94,3,1
15,5,14,0.06128971779452286,34,10,1
13,5,20,0.3952152877244661,51,8,1
19,17,22,0.565698684847957,47,2,0
19,11,35,0.4853300769817968,41,8,1
14,9,34,0.045850115662830856,36,5,1
14,7,28,0.16762062836082983,78,7,1
16,14,32,0.5581913309026941,90,2,0
17,12,19,0.15183505968047073,76,5,1
7,9,19,0.4687022542721515,45,-2,0
19,11,20,0.49507931755722223,44,8,1
11,3,30,0.29727126207658905,29,8,1
5,9,39,0.23180934590898927,64,-4,0
8,8,16,0.27007465945185577,30,0,0
17,12,27,0.1361788166192185,96,5,1
8,16,13,0.5336345496773065,72,-8,0
18,14,11,0.2703717940378547,91,4,1
9,11,23,0.5294756642736599,87,-2,0
11,3,22,0.06341608794376445,47,8,1
11,15,38,0.5929651626000788,94,-4,0
17,6,21,0.26596385246617094,84,11,1
19,11,16,0.02869849223646328,68,8,1
15,6,11,0.02281310894247295,66,9,1
17,12,22,0.44772435448910314,71,5,1
8,5,23,0.39542132052220846,73,3,1
17,11,36,0.48127833487655247,79,6,1
11,15,26,0.06322052037168358,76,-4,0
15,4,18,0.021342520221329007,66,11,1
7,17,26,0.30514757366854706,50,-10,0
10,6,17,0.2325571388896617,65,4,1
16,17,11,0.27716816200257344,45,-1,0
6,8,37,0.5949530453221644,24,-2,0
14,4,33,0.5824499746024021,71,10,1
17,17,22,0.5653892338039157,94,0,0
18,10,12,0.4703056060606043,73,8,1
13,10,25,0.21290481615413423,52,3,1
9,3,15,0.24727855815766295,69,6,1
10,14,28,0.3297696262313547,57,-4,0
16,5,39,0.4983206738429039,46,11,1
16,12,16,0.041227699510960655,34,4,1
16,11,19,0.25457813153093284,80,5,1
16,7,18,0.04957059807556121,40,9,1
8,8,11,0.30879455194410693,65,0,0
18,6,37,0.5393404944037412,88,12,1
18,12,37,0.4694909547383627,25,6,1
15,4,24,0.13670545052586597,57,11,1
14,13,39,0.5855945097592754,81,1,0
11,10,14,0.40041023882785703,81,1,0
16,13,38,0.00625661963844184,97,3,1
13,15,31,0.1532480908111317,93,-2,0
11,8,13,0.15642797995194993,65,3,1
18,7,29,0.04155258377151596,32,11,1
5,11,13,0.5758959108455574,22,-6,0
5,3,27,0.28695317674555426,25,2,0
13,7,13,0.5374887584231292,27,6,1
15,8,36,0.193329302066777,63,7,1
18,7,26,0.07514014225969627,52,11,1
13,8,21,0.2846016659437283,94,5,1
8,8,31,0.0683739808285903,96,0,0
17,9,26,0.29160930178652394,69,8,1
13,6,19,0.5521783087316446,30,7,1
7,16,31,0.3124608851005276,47,-9,0
11,13,10,0.3698998361370501,89,-2,0
10,16,31,0.09398306218428498,60,-6,0
12,16,35,0.02624137552798169,35,-4,0
15,16,33,0.06648477730788423,87,-1,0
13,17,36,0.3591189454106194,67,-4,0
18,10,27,0.057007019395382795,75,8,1
9,9,27,0.22559573396478683,83,0,0
5,11,23,0.3300551642748936,78,-6,0
7,9,24,0.2331916791779082,81,-2,0
14,5,38,0.09821028087918089,95,9,1
16,5,21,0.16427478450846392,30,11,1
12,17,13,0.5569905197091461,37,-5,0
19,10,36,0.4055893653518132,38,9,1
15,7,12,0.29762870320793194,74,8,1
10,6,29,0.00762893399213611,45,4,1
12,10,38,0.5954492402936821,25,2,0
13,17,21,0.40287296093678593,23,-4,0
8,8,16,0.19015348640696697,48,0,0
5,4,38,0.5275611959987029,78,1,0
18,6,20,0.15505897217509085,36,12,1
5,14,10,0.32640994750965097,62,-9,0
14,13,15,0.38164245823789505,99,1,0
8,6,24,0.13263802287223705,85,2,0
16,17,24,0.5870383672803575,53,-1,0
18,8,28,0.44891514358739854,27,10,1
11,8,20,0.3346879353066419,32,3,1
6,3,35,0.10835675890518053,27,3,1
7,16,32,0.032314924198815674,84,-9,0
5,10,35,0.19203589951259006,62,-5,0
9,8,11,0.4519124015480417,58,1,0
5,5,23,0.16159877898121502,78,0,0
12,16,11,0.32373373229730307,63,-4,0
5,11,38,0.4367683060384459,28,-6,0
15,4,13,0.0647662287878786,56,11,1
5,17,26,0.411178809669524,93,-12,0
6,13,12,0.05512253262602682,55,-7,0
6,10,22,0.5790778452761979,47,-4,0
16,12,18,0.29303647803896377,61,4,1
10,5,16,0.09040566462592643,62,5,1
11,15,24,0.20543018162012788,61,-4,0
9,14,32,0.24804986957715686,85,-5,0
5,7,38,0.4549110066459224,74,-2,0
5,8,38,0.44605427164596556,91,-3,0
7,12,20,0.3671643032023986,67,-5,0
18,8,29,0.06355842753509577,41,10,1
6,6,11,0.09094162295260415,46,0,0
9,5,24,0.05625415238733397,86,4,1
16,6,23,0.34630366997253004,32,10,1
14,3,29,0.5262830649068424,64,11,1
10,6,31,0.26028030735286306,29,4,1
11,3,20,0.09650890437464772,28,8,1
8,14,36,0.3348253950893802,73,-6,0
11,17,12,0.4870513301194259,46,-6,0
15,3,26,0.445027236907758,53,12,1
12,12,39,0.5288704678050128,20,0,0
15,16,21,0.1667412583493207,51,-1,0
5,8,33,0.11637232036066492,90,-3,0
19,7,37,0.5278898915651632,86,12,1
10,16,38,0.3945361876668138,39,-6,0
12,13,30,0.1865573580045325,54,-1,0
9,17,24,0.4454088303435055,97,-8,0
8,6,25,0.4890710306882207,36,2,0
6,15,14,0.3689869442046794,37,-9,0
10,13,36,0.41273046592794904,64,-3,0
10,5,29,0.2251559426655998,72,5,1
15,3,15,0.3232174004058234,87,12,1
19,8,28,0.31449550243569735,84,11,1
5,4,34,0.5088286746784632,20,1,0
13,10,14,0.5039783881693095,77,3,1
16,12,12,0.4996082816082259,45,4,1
15,7,36,0.006618968557479476,39,8,1
10,9,10,0.44972729068133294,29,1,0
17,12,35,0.45520583406660287,78,5,1
7,14,37,0.4070272937130851,94,-7,0
8,4,15,0.4537587947348715,60,4,1
16,15,24,0.5051822228980252,24,1,0
15,10,11,0.28219143246107137,84,5,1
8,4,38,0.30123012809306826,36,4,1
7,6,12,0.07482843414683428,41,1,0
14,3,26,0.23122552982841707,60,11,1
7,17,34,0.38601910794707056,87,-10,0
19,7,33,0.4682398656883647,88,12,1
7,11,21,0.13032545861472633,30,-4,0
8,3,27,0.08269373949554124,75,5,1
11,11,24,0.3978252027002953,70,0,0
8,13,21,0.001127930114946385,40,-5,0
13,17,25,0.1070235505843979,95,-4,0
5,10,36,0.01744282820637224,45,-5,0
12,8,17,0.10013107071292256,38,4,1
11,9,37,0.10879156795530313,79,2,0
6,5,23,0.2326041568502365,90,1,0
12,16,34,0.24139627481193357,66,-4,0
5,17,26,0.5245574823661426,90,-12,0
15,3,38,0.3060658274992951,45,12,1
16,7,30,0.43404285936737175,59,9,1
13,16,17,0.06248241475217246,24,-3,0
13,14,24,0.1352632532782163,40,-1,0
6,14,36,0.42176606458720606,97,-8,0
11,4,23,0.03168237628111685,23,7,1
19,16,27,0.29195859734625185,42,3,1
18,7,29,0.3596213793977603,34,11,1
14,10,16,0.3612873864314886,27,4,1
7,13,12,0.013759686760825217,60,-6,0
11,11,38,0.1932648025375113,38,0,0
16,4,21,0.38189439062949243,65,12,1
14,14,30,0.08939984168954607,47,0,0
13,5,33,0.41724938899683195,87,8,1
8,5,37,0.4475551252882047,34,3,1
16,3,35,0.5891815142676872,56,13,1
5,10,12,0.12590519691384564,20,-5,0
6,8,29,0.4950784005996691,86,-2,0
5,14,23,0.31217794615119243,43,-9,0
18,15,24,0.22407755768650406,46,3,1
16,10,34,0.07342605439510676,59,6,1
9,13,39,0.44130336389252256,82,-4,0
9,11,23,0.14151455948621225,80,-2,0
15,7,16,0.22285320112382745,55,8,1
11,16,26,0.03752533613842106,43,-5,0
13,14,39,0.48082014949171137,43,-1,0
13,16,21,0.459953114382986,23,-3,0
7,5,29,0.44016949802538746,86,2,0
7,7,13,0.179666106295132,53,0,0
7,7,18,0.10408804455957434,76,0,0
8,7,15,0.38253195868213785,68,1,0
12,5,25,0.29769983046793164,72,7,1
10,13,34,0.10695148014278495,42,-3,0
12,16,37,0.41154676262991824,88,-4,0
5,12,31,0.5946758590927822,72,-7,0
12,16,31,0.44833175264522257,81,-4,0
8,6,30,0.44399183201136705,60,2,0
15,11,30,0.570187651758355,76,4,1
5,15,11,0.12176182054494131,79,-10,0
12,12,33,0.3393299789528642,73,0,0
8,11,17,0.58778802902033,89,-3,0
10,4,20,0.09917646658210473,76,6,1
12,10,22,0.4201511756667126,29,2,0
8,10,26,0.35148608758314115,59,-2,0
18,9,17,0.3518874553132242,26,9,1
7,10,30,0.41860237651204507,57,-3,0
18,16,27,0.5577701537254105,80,2,0
13,5,39,0.46954916391080276,22,8,1
7,15,27,0.033681662049726,70,-8,0
13,8,23,0.5116368119254268,66,5,1
17,3,24,0.13532479795543956,87,14,1
6,9,15,0.22614849884182317,95,-3,0
18,17,20,0.2770396881674293,57,1,0
6,17,22,0.2885436004518418,55,-11,0
6,3,34,0.26110823955321405,60,3,1
10,11,10,0.5624119765295187,88,-1,0
7,3,37,0.42361140459841473,32,4,1
17,3,15,0.3787023875740238,77,14,1
13,17,18,0.029905216669764933,69,-4,0
8,9,17,0.5423479981562248,49,-1,0
5,4,20,0.5456341152050377,81,1,0
8,16,31,0.46812783805806135,44,-8,0
5,7,28,0.004217522288171493,46,-2,0
18,10,33,0.03436815064657401,70,8,1
9,10,18,0.13513422136109385,97,-1,0
8,5,26,0.07880964488694402,76,3,1
12,9,21,0.23930161782223766,66,3,1
12,5,34,0.5535738348526738,58,7,1
11,8,23,0.28323626051819895,35,3,1
7,8,24,0.008041575859299365,41,-1,0
5,5,25,0.1696474137472572,73,0,0
5,9,31,0.026756945023776922,40,-4,0
16,5,31,0.021772573568101295,91,11,1
15,10,37,0.16543191185733133,35,5,1
7,12,29,0.16536740320736723,78,-5,0
10,6,10,0.4722759615609624,50,4,1
11,17,19,0.5849007916686672,61,-6,0
10,17,17,0.22272425633399898,93,-7,0
18,15,27,0.25733212731662314,51,3,1
18,3,37,0.5068736617716129,78,15,1
10,6,10,0.16088341205730802,53,4,1
10,16,11,0.09382908264206877,28,-6,0
17,9,10,0.5118537740421902,30,8,1
7,13,10,0.027900351864039295,29,-6,0
10,6,18,0.3718196641196494,36,4,1
12,15,22,0.33719570848008407,87,-3,0
15,8,39,0.20755226850101655,67,7,1
15,11,10,0.1891137126584154,71,4,1
6,3,22,0.46311463570897277,44,3,1
9,15,29,0.05185476645752789,40,-6,0
18,7,35,0.14207058558683122,84,11,1
5,13,31,0.43946923910285385,82,-8,0
16,9,16,0.32899235023585455,70,7,1
19,3,11,0.07679292512015183,55,16,1
5,16,15,0.529281368569236,85,-11,0
9,6,16,0.23606870793815493,34,3,1
16,8,35,0.4967210251933037,58,8,1
17,4,23,0.4726278093166252,89,13,1
7,12,35,0.3746552678830368,20,-5,0
8,7,27,0.2966886787770558,42,1,0
7,13,24,0.5877305042290542,58,-6,0
5,12,11,0.08697904342789022,76,-7,0
5,3,19,0.43509343653066884,53,2,0
16,8,32,0.1147144208788734,60,8,1
16,8,21,0.20295786319940903,92,8,1
18,15,26,0.18521924602391715,32,3,1
17,17,17,0.5682215926432338,89,0,0
18,17,20,0.5804137066729651,25,1,0
9,6,38,0.1098092665408363,71,3,1
10,15,12,0.013221096178502511,22,-5,0
7,10,36,0.43200482379786787,82,-3,0
16,6,15,0.25079396032229057,68,10,1
13,10,18,0.05330414705253863,95,3,1
9,17,15,0.4102524633462255,66,-8,0
12,15,18,0.3270633169564198,74,-3,0
17,10,16,0.5883100932006636,83,7,1
5,7,18,0.13644569751682736,84,-2,0
18,15,27,0.24238672579592893,86,3,1
9,17,21,0.32552748203725373,34,-8,0
19,6,17,0.475019993072011,51,13,1
7,14,17,0.32930319403203523,87,-7,0
16,15,27,0.3677400965171695,37,1,0
5,4,37,0.13568823095396446,62,1,0
8,13,39,0.5081512368531359,54,-5,0
19,17,29,0.2571783281822854,97,2,0
17,5,39,0.08457577651306156,77,12,1
9,5,24,0.39851274870325043,52,4,1
11,6,36,0.1296542719111845,33,5,1
5,6,16,0.05853750614357984,53,-1,0
7,12,20,0.5171921450425634,80,-5,0
6,13,29,0.2760973586930638,23,-7,0
13,13,25,0.44957022761746585,78,0,0
14,7,13,0.17435253588381305,48,7,1
19,6,15,0.47218208095059977,25,13,1
10,13,35,0.0671615562129182,68,-3,0
14,16,31,0.21358402427691162,59,-2,0
7,12,35,0.586837090784117,84,-5,0
12,10,12,0.47639382982080364,88,2,0
18,8,18,0.2983535581888129,46,10,1
12,8,37,0.20386648293713105,99,4,1
6,10,19,0.5232814200134859,25,-4,0
19,9,23,0.3269086554507094,32,10,1
10,17,20,0.45505501072146665,83,-7,0
11,12,27,0.4524646081896984,81,-1,0
6,16,31,0.010767407141095097,38,-10,0
19,13,21,0.07575226967556807,95,6,1
15,14,32,0.39577761983684534,99,1,0
14,12,21,0.09697188677152287,62,2,0
6,15,22,0.1532960067933628,93,-9,0
14,10,34,0.5679827725197643,39,4,1
5,16,22,0.3361093550249471,87,-11,0
12,4,28,0.45043770419960827,63,8,1
5,11,35,0.3347884432695839,42,-6,0
13,3,28,0.33150816886963513,21,10,1
15,17,32,0.05649114607541874,41,-2,0
10,10,23,0.20619791556546183,76,0,0
11,14,13,0.16945853921190704,91,-3,0
17,13,22,0.23443701936816794,26,4,1
14,14,17,0.47900651293459695,97,0,0
11,14,38,0.2231596007501189,75,-3,0
14,6,32,0.27101809153900963,86,8,1
7,6,30,0.23842883429118988,35,1,0
6,7,32,0.05604478318517736,70,-1,0
13,10,28,0.26464329495047023,99,3,1
12,7,21,0.11736556382670901,91,5,1
17,10,27,0.11203397746382489,31,7,1
16,17,15,0.05642166266055981,72,-1,0
14,12,27,0.21400258448505885,94,2,0
11,3,28,0.4544891308736504,24,8,1
13,14,31,0.16586501435003764,46,-1,0
8,17,14,0.18740946113130813,31,-9,0
17,12,33,0.38560479460345415,36,5,1
8,11,18,0.11750448755215132,25,-3,0
5,8,36,0.5381747582541205,24,-3,0
12,5,12,0.31211431395093264,76,7,1
18,15,37,0.2685617641921302,47,3,1
18,16,19,0.33469211515752084,97,2,0
16,10,28,0.09962058804971727,88,6,1
7,11,12,0.36808388318350577,78,-4,0
11,8,38,0.21786044198040624,52,3,1
19,13,38,0.5383118045787714,81,6,1
16,9,31,0.10131252400661168,69,7,1
6,3,24,0.3042306623192646,38,3,1
6,16,10,0.3588675776214108,88,-10,0
11,7,16,0.02003016107182873,85,4,1
19,7,21,0.21821587485368413,66,12,1
10,12,26,0.43958114082049965,58,-2,0
7,16,39,0.492226504469384,87,-9,0
13,6,30,0.1878971968903694,52,7,1
14,8,35,0.4791559634296507,32,6,1
19,9,38,0.5806535262620333,73,10,1
18,11,33,0.5141243616450565,26,7,1
17,3,29,0.07058639289559511,98,14,1
10,17,14,0.44383819925132434,33,-7,0
14,8,13,0.19180009946432683,38,6,1
14,9,37,0.5930495936472459,73,5,1
10,5,21,0.29121538989593226,39,5,1
5,10,39,0.07346033901536461,48,-5,0
8,17,29,0.43511132881643444,43,-9,0
14,7,37,0.1938067190317283,82,7,1
10,17,33,0.598246894248997,93,-7,0
19,11,27,0.5878694747127131,76,8,1
10,7,26,0.3936804108123484,27,3,1
15,11,28,0.07789586937103055,81,4,1
16,12,18,0.4121165986050174,48,4,1
9,6,13,0.05581829187601632,93,3,1
5,11,35,0.01761849546143539,36,-6,0
12,7,30,0.4937750677328916,85,5,1
9,12,11,0.1258517686102088,25,-3,0
16,11,13,0.22741627573145842,77,5,1
16,5,11,0.5840744339857039,88,11,1
16,17,24,0.20210430111666194,47,-1,0
9,6,11,0.17789386876998917,81,3,1
11,11,13,0.5509247997736652,60,0,0
8,12,15,0.06644906719137486,88,-4,0
10,13,16,0.45574944606877904,60,-3,0
17,8,19,0.5928393399916644,68,9,1
8,4,28,0.5407776064647892,68,4,1
18,9,28,0.3910007512238555,95,9,1
19,4,35,0.18843647699563917,90,15,1
7,13,31,0.15259318870699004,22,-6,0
11,4,38,0.49155306292287665,29,7,1
12,13,21,0.5278931483710172,54,-1,0
8,3,12,0.3152609475274157,99,5,1
17,13,22,0.14660396447187968,21,4,1
6,13,27,0.06776592504670413,43,-7,0
16,14,17,0.0523076806990987,93,2,0
14,13,30,0.4314464684123133,57,1,0
18,5,24,0.25207123670863496,41,13,1
7,8,10,0.5432159245667222,45,-1,0
5,10,12,0.4438027804360582,62,-5,0
12,11,35,0.11475625074875201,74,1,0
19,9,17,0.3682664512894194,58,10,1
7,6,13,0.2613032726388956,48,1,0
16,8,25,0.34634983846116785,39,8,1
14,7,39,0.4428414740031103,60,7,1
11,10,32,0.48371752860227446,73,1,0
14,3,19,0.5062423958440345,39,11,1
9,3,21,0.15238492474321483,38,6,1
14,15,23,0.018669359950414608,85,-1,0
9,17,23,0.4435768410988639,49,-8,0
18,13,11,0.06380623575346475,72,5,1
11,8,32,0.1889517531677806,53,3,1
19,12,14,0.002290280474608286,41,7,1
13,14,14,0.40900168944097204,86,-1,0
16,4,15,0.10027920688273274,25,12,1
9,7,22,0.3931694458149949,98,2,0
5,3,18,0.5950455703007033,46,2,0
14,9,39,0.04360252296600977,29,5,1
14,3,31,0.04624680717087641,92,11,1
5,6,37,0.20422805560000493,67,-1,0
19,11,38,0.5198319085508052,89,8,1
6,3,24,0.1293179212747991,78,3,1
18,6,23,0.21622669195820854,78,12,1
10,8,33,0.04110324397618774,21,2,0
13,8,16,0.4578931747553336,48,5,1
12,14,34,0.24498380565567066,87,-2,0
17,17,29,0.4555492398365057,84,0,0
9,15,11,0.542164706608077,45,-6,0
5,10,16,0.13965788826077324,29,-5,0
17,3,15,0.4844376182039708,72,14,1
11,9,26,0.03545633404695196,98,2,0
19,3,36,0.5393084329081483,78,16,1
9,15,34,0.3904611285352484,41,-6,0
10,16,34,0.5245360344830109,70,-6,0
17,9,37,0.00011303973394913846,67,8,1
11,5,11,0.10144864221359551,40,6,1
7,13,12,0.23385563245589525,41,-6,0
16,10,14,0.22770174202483115,49,6,1
14,5,14,0.1360382297541064,44,9,1
7,16,10,0.22896716392032004,47,-9,0
9,16,17,0.07730922720015289,84,-7,0
10,15,21,0.24765667755961562,64,-5,0
13,3,33,0.4814125974955585,87,10,1
17,15,13,0.2874420378620107,26,2,0
18,15,22,0.010800053367128993,68,3,1
16,16,32,0.25286642494754846,28,0,0
9,10,24,0.016305009654506496,55,-1,0
19,5,20,0.5797460464240789,20,14,1
5,4,19,0.07647237565372138,29,1,0
18,3,12,0.42461299579837125,55,15,1
18,16,31,0.5836657937352515,92,2,0
18,5,23,0.4956234309999431,65,13,1
8,17,25,0.4195892250757222,51,-9,0
9,4,19,0.5036765457004602,51,5,1
16,4,38,0.5890792159563766,25,12,1
14,8,19,0.3728066983521177,67,6,1
14,14,21,0.3355108840975959,57,0,0
9,3,39,0.3769428662779688,36,6,1
11,4,18,0.319605532056933,93,7,1
8,16,10,0.38105346354583125,46,-8,0
5,8,14,0.2699053247835355,73,-3,0
18,5,29,0.13106590972998425,69,13,1
18,17,17,0.07214833590700538,54,1,0
9,6,20,0.04100456131935624,44,3,1
11,3,21,0.15798947025192003,47,8,1
14,10,10,0.0276741386014403,34,4,1
14,15,34,0.3403024679516313,23,-1,0
10,9,31,0.17029706821411217,92,1,0
9,9,29,0.49472088485221927,46,0,0
8,5,37,0.044544523793031865,45,3,1
6,12,34,0.13581089660489157,38,-6,0
8,12,20,0.4381476882540875,36,-4,0
19,5,14,0.35928497783009483,62,14,1
14,16,24,0.03869476274950052,60,-2,0
14,4,14,0.5263436742973202,61,10,1
7,14,21,0.5263570576957077,69,-7,0
14,3,14,0.1982448023254643,59,11,1
5,9,26,0.2042435060097388,58,-4,0
12,9,26,0.5934170150101044,42,3,1
9,14,33,0.3757057029558829,71,-5,0
17,4,21,0.3187899123408355,66,13,1
8,9,33,0.5028913101311546,82,-1,0
12,15,37,0.17117420301438985,88,-3,0
11,10,24,0.2575095560378141,62,1,0
6,3,24,0.16066600529300049,67,3,1
5,11,15,0.47349650795323883,53,-6,0
16,9,21,0.3440096073811308,59,7,1
15,5,36,0.3952950420840423,94,10,1
8,10,38,0.15138434990364394,80,-2,0
12,9,29,0.13213518082638906,69,3,1
16,13,27,0.29302477738976324,86,3,1
6,17,23,0.44253944945569607,81,-11,0
7,15,11,0.3151438545120961,77,-8,0
16,10,18,0.019587406527401163,52,6,1
5,8,14,0.5211309037921732,94,-3,0
5,11,29,0.038812136109078944,35,-6,0
17,17,35,0.5734946902324514,67,0,0
7,7,38,0.015085174966363635,29,0,0
15,5,10,0.41667027367842524,57,10,1
9,5,32,0.049324238227068995,38,4,1
16,3,12,0.5464059476610837,55,13,1
7,14,15,0.27865994173532566,78,-7,0
5,17,14,0.08251426489020923,82,-12,0
5,10,30,0.20448941987390795,96,-5,0
12,4,36,0.09889480520805723,65,8,1
14,5,14,0.10234914693425401,22,9,1
15,10,10,0.5688649921028653,93,5,1
16,16,26,0.26714766737087287,84,0,0
17,10,28,0.4732813583432157,27,7,1
17,16,23,0.3837633367066091,70,1,0
16,13,21,0.40585581740303533,92,3,1
19,6,19,0.0790160630832231,25,13,1
18,6,29,0.14051066808929139,58,12,1
6,7,30,0.47205020109266216,79,-1,0
17,8,27,0.5824597238848698,47,9,1
7,7,33,0.15760538555919104,73,0,0
6,16,36,0.1629412588506239,56,-10,0
7,17,20,0.2837382796865429,28,-10,0
11,9,39,0.5903041877132627,75,2,0
5,4,11,0.16137536749588263,78,1,0
14,9,34,0.24418314578055833,21,5,1
12,12,27,0.5348880093741041,80,0,0
17,9,38,0.0017526195728172044,77,8,1
14,3,34,0.023859578993141728,79,11,1
14,9,16,0.3624430062427315,59,5,1
14,7,33,0.5444280988277082,55,7,1
18,5,24,0.1433139962411566,56,13,1
6,15,20,0.2817850648084254,98,-9,0
7,5,27,0.27027918099469095,37,2,0
13,6,32,0.28378280765730607,82,7,1
11,15,21,0.3735118174378471,41,-4,0
8,14,15,0.28184625779441025,30,-6,0
14,4,29,0.2684808847934747,77,10,1
9,4,32,0.2845730522587563,76,5,1
6,3,39,0.3545204647626249,96,3,1
17,17,22,0.322204493010815,23,0,0
15,7,29,0.5124815985903025,26,8,1
17,6,25,0.029698112096199967,80,11,1
12,13,27,0.49999024288380745,73,-1,0
8,12,19,0.5063547675670343,87,-4,0
13,17,37,0.1709448129185765,98,-4,0
9,4,32,0.27771117300951037,20,5,1
17,5,17,0.2631230931224613,74,12,1
13,9,27,0.13110590061247818,22,4,1
8,9,30,0.23807810825178988,97,-1,0
14,14,10,0.026632663302512658,57,0,0
9,6,32,0.16669324366904065,20,3,1
13,7,17,0.49000930527043085,57,6,1
12,7,38,0.17073738105773853,48,5,1
7,8,15,0.4909240012489485,24,-1,0
5,16,14,0.3189596787626585,93,-11,0
7,11,24,0.5279176064166959,40,-4,0
8,4,31,0.3448677325586491,90,4,1
6,7,24,0.01780093383884389,86,-1,0
5,14,11,0.4052521245282535,66,-9,0
11,5,10,0.026912140814141193,54,6,1
12,6,32,0.27035821138988037,87,6,1
11,12,32,0.5576560166838683,88,-1,0
18,8,35,0.0991223636027101,20,10,1
9,14,20,0.23392341176492645,87,-5,0
16,10,19,0.43791618530908705,31,6,1
5,3,39,0.5293551336569086,79,2,0
11,12,27,0.40256580284550475,46,-1,0
17,16,27,0.15490395251470152,75,1,0
11,10,26,0.40476471174972967,42,1,0
13,13,35,0.178036584662454,44,0,0
7,16,17,0.4310575378912411,40,-9,0
13,9,24,0.5724198765510243,80,4,1
18,3,17,0.43283607066377294,82,15,1
5,4,26,0.5177283017474474,71,1,0
5,5,21,0.0012623059055300479,44,0,0
18,3,36,0.4305432748389566,74,15,1
8,16,17,0.49775253411915016,65,-8,0
13,11,34,0.024335242526808853,51,2,0
10,10,23,0.5229586363729384,74,0,0
17,4,13,0.1540165369860275,24,13,1
15,15,10,0.3991752611868331,55,0,0
7,11,10,0.480212927414044,68,-4,0
5,9,28,0.3975987078356133,77,-4,0
8,11,25,0.05537087524395434,58,-3,0
16,8,23,0.357792911316221,99,8,1
17,8,30,0.32975019403328615,80,9,1
13,13,25,0.5401927608445629,28,0,0
7,16,14,0.2425438377865255,25,-9,0
16,6,18,0.19264865825223007,54,10,1
13,12,35,0.44991045866187973,58,1,0
11,12,39,0.24760519565003797,41,-1,0
16,15,37,0.3876577050030378,60,1,0
18,15,11,0.38787005407476416,24,3,1
19,4,27,0.5328234386160706,61,15,1
8,9,15,0.3592154413914584,95,-1,0
7,7,18,0.3012921659771921,99,0,0
14,13,10,0.0833227958379102,86,1,0
19,8,18,0.06944256400722322,49,11,1
9,4,34,0.09259293916984764,76,5,1
9,7,25,0.1031090887962567,92,2,0
7,12,22,0.38272625559818035,48,-5,0
16,6,18,0.4445887501647471,56,10,1
13,11,30,0.3179949137558512,32,2,0
8,8,22,0.4974106395272946,51,0,0
15,4,18,0.5947579360401799,65,11,1
9,3,20,0.4920075774716136,42,6,1
8,7,13,0.4169294242055755,64,1,0
9,11,11,0.31949561966228796,36,-2,0
11,8,38,0.2693118430048249,85,3,1
13,12,15,0.05063542832672541,25,1,0
11,14,23,0.23962124903681456,37,-3,0
17,9,13,0.5460807820692806,41,8,1
9,7,15,0.48481357794393176,52,2,0
14,12,28,0.12963081900701232,49,2,0
14,8,15,0.2799646708183295,51,6,1
11,7,11,0.4900339215351267,61,4,1
18,13,27,0.04043073287131351,97,5,1
19,11,22,0.23243555140119557,29,8,1
14,17,18,0.5111047421243685,55,-3,0
9,8,32,0.24233871850207422,53,1,0
7,13,28,0.046568786838864513,92,-6,0
11,10,22,0.3255206211193509,47,1,0
17,4,20,0.5170454969509772,30,13,1
15,14,10,0.3541713257718958,97,1,0
15,15,33,0.13576746492853908,58,0,0
6,11,39,0.2305437720824288,66,-5,0
19,7,31,0.2700740167091593,38,12,1
16,9,16,0.3475598122923161,34,7,1
13,12,34,0.4556106154515678,47,1,0
14,15,30,0.05932417058438124,43,-1,0
14,3,24,0.5337912198105398,91,11,1
16,12,10,0.007385821809645354,28,4,1
5,7,21,0.22203140080455314,66,-2,0
17,14,35,0.016452185983594592,52,3,1
10,16,16,0.23578453520717474,81,-6,0
11,12,24,0.31548755932399425,38,-1,0
18,16,30,0.30700883194890705,86,2,0
17,4,28,0.0993770082169592,93,13,1
12,14,37,0.38744430605736735,59,-2,0
14,8,38,0.026867070302800933,66,6,1
13,13,34,0.4571440920794492,84,0,0
6,3,10,0.5679866603961278,48,3,1
15,5,26,0.20386129629067073,69,10,1
14,7,26,0.31034362902859913,32,7,1
6,6,12,0.22734616683528863,20,0,0
9,5,21,0.004026234182435973,53,4,1
17,12,15,0.23152470173706954,67,5,1
9,15,35,0.4750321555568079,96,-6,0
10,7,20,0.3575933053100891,67,3,1
7,13,12,0.060755948769095354,68,-6,0
12,10,17,0.508283693816271,83,2,0
17,13,23,0.3186512069311457,80,4,1
5,6,23,0.5050340170468056,48,-1,0
10,3,19,0.3481329112710176,58,7,1
8,13,11,0.3358130669027639,45,-5,0
5,9,23,0.06315551111820743,36,-4,0
19,10,18,0.10041583988317677,90,9,1
11,5,12,0.5832151538979546,32,6,1
13,8,30,0.13709204805286246,88,5,1
17,4,35,0.5864712707942207,45,13,1
8,9,17,0.31914762391455803,68,-1,0
8,17,25,0.08147342823836227,86,-9,0
10,10,11,0.05958132165221577,26,0,0
16,8,15,0.12531844242344398,77,8,1
19,8,37,0.5553823980152014,68,11,1
7,7,30,0.24849013459693606,72,0,0
17,10,38,0.23726056079574862,84,7,1
16,3,35,0.1879237566421044,81,13,1
10,12,34,0.08823711033995303,36,-2,0
11,6,21,0.2927107183154439,62,5,1
15,17,14,0.0780286695066832,44,-2,0
14,6,11,0.5012881418293965,22,8,1
14,5,25,0.2222381917651839,98,9,1
7,5,14,0.2248821406690778,48,2,0
11,6,24,0.2844038570898935,51,5,1
18,13,21,0.266476627899451,45,5,1
7,3,13,0.5969147838355929,35,4,1
17,16,24,0.3272286727309815,44,1,0
17,13,20,0.05292102227392241,73,4,1
6,15,25,0.36412640494615794,47,-9,0
16,13,32,0.09095057572192797,92,3,1
18,4,15,0.018562586838805184,75,14,1
14,11,23,0.5824452922063489,84,3,1
8,12,27,0.4641233349207383,99,-4,0
16,4,21,0.5880653954482601,60,12,1
12,7,36,0.2867270688133455,70,5,1
17,11,20,0.31935451868938564,90,6,1
19,11,22,0.10100217355147813,97,8,1
13,10,30,0.14814445600055134,48,3,1
11,3,32,0.5031295289416969,38,8,1
5,3,20,0.2137113882705565,85,2,0
7,11,32,0.49608898427785136,60,-4,0
17,15,25,0.42540823457221905,64,2,0
16,13,24,0.1063025551631193,34,3,1
18,10,30,0.3044678196718453,22,8,1
13,12,37,0.40643239291123007,30,1,0
19,11,24,0.14102232888229507,72,8,1
16,9,34,0.4984131063120461,65,7,1
5,5,13,0.32689659452711206,49,0,0
13,5,20,0.09914523026556192,76,8,1
12,4,28,0.34979065569876144,37,8,1
5,7,24,0.5998282824935484,70,-2,0
10,14,13,0.09031289499804813,67,-4,0
9,14,30,0.4900541580717168,85,-5,0
10,5,22,0.12438540191253478,27,5,1
14,16,31,0.46943299767605234,41,-2,0
16,8,28,0.44074675387284795,25,8,1
17,4,11,0.18029363136025942,95,13,1
17,14,23,0.19549387053866987,76,3,1
17,5,38,0.47551283517775145,55,12,1
19,7,13,0.27686730713238755,98,12,1
9,14,25,0.43849081722708527,76,-5,0
10,13,30,0.08879048841950085,68,-3,0
9,13,29,0.511534669140932,64,-4,0
15,3,23,0.42653083000939146,85,12,1
16,15,36,0.5441656853009004,96,1,0
9,3,38,0.07942342742098348,64,6,1
8,12,24,0.3558087002163586,98,-4,0
7,11,37,0.3594723510241951,39,-4,0
7,9,12,0.21207644432806946,83,-2,0
8,3,17,0.27507985474155466,86,5,1
13,17,25,0.02278893797391208,22,-4,0
6,14,19,0.4475160231762072,73,-8,0
19,16,13,0.3295934876419044,97,3,1
13,10,39,0.03464463112150427,83,3,1
5,5,27,0.40845353577629134,59,0,0
18,10,11,0.2800692463387127,78,8,1
19,17,26,0.020676755655,74,2,0
19,7,22,0.5817646361088572,81,12,1
5,3,13,0.5694672858536642,23,2,0
9,9,35,0.3077414496883185,79,0,0
10,7,34,0.056203452423546116,94,3,1
10,8,39,0.45277273295915504,49,2,0
7,8,20,0.29515866006343744,21,-1,0
11,10,16,0.18146848697362794,81,1,0
13,11,21,0.294850906517134,68,2,0
15,4,19,0.3134664872432787,28,11,1
16,11,16,0.3376270194134035,50,5,1
14,14,22,0.2647342281931959,80,0,0
12,17,16,0.363453181883434,98,-5,0
10,13,33,0.5512408263638264,67,-3,0
16,12,26,0.2173608522591547,44,4,1
12,11,19,0.43542987793196947,55,1,0
16,15,38,0.5366715340945393,27,1,0
9,12,19,0.27358756545596213,92,-3,0
12,17,33,0.26607350182914247,77,-5,0
14,12,13,0.3612701912128677,64,2,0
16,9,29,0.35484405565349286,81,7,1
8,3,13,0.48395360539576615,58,5,1
14,9,31,0.2858900302669756,77,5,1
12,12,16,0.5976737697836647,83,0,0
14,7,31,0.035682941320368464,63,7,1
16,8,10,0.0019007091484210424,48,8,1
6,12,21,0.3841189869357743,78,-6,0
16,9,33,0.179060947417126,90,7,1
16,16,22,0.14422943321969028,28,0,0
9,17,19,0.18713944800256826,25,-8,0
13,7,24,0.15362853906297258,48,6,1
8,9,36,0.01847402979626871,77,-1,0
15,11,22,0.5829198254343532,36,4,1
10,5,32,0.13244729307166905,35,5,1
19,10,31,0.44041785755358376,22,9,1
5,4,31,0.45755783681650514,40,1,0
13,13,30,0.5575544388043375,83,0,0
5,9,31,0.018329674256027984,55,-4,0
9,15,37,0.5232290030682046,81,-6,0
8,4,18,0.3163357085038801,61,4,1
17,17,35,0.37952646597949674,95,0,0
16,16,18,0.3866821662726202,61,0,0
17,6,24,0.4918786829908365,80,11,1
17,9,19,0.2000443932954663,32,8,1
18,5,33,0.43983071391599604,30,13,1
7,4,35,0.31714686583331825,73,3,1
17,13,34,0.4760364085832086,35,4,1
10,12,38,0.59432761966208,27,-2,0
6,9,19,0.12039061044225674,78,-3,0
7,3,17,0.5967891849359988,76,4,1
9,16,33,0.0538872925696644,59,-7,0
19,17,25,0.0013905287428883195,78,2,0
13,10,26,0.026497161706698757,21,3,1
6,5,35,0.205069442842057,95,1,0
14,14,36,0.37974379840706046,29,0,0
12,14,14,0.041417724532709775,63,-2,0
18,15,13,0.003399488717740362,30,3,1
6,4,27,0.5622546170752768,98,2,0
15,5,33,0.4931559815639578,99,10,1
17,7,28,0.4855099026834186,21,10,1
9,13,13,0.5306545653011863,69,-4,0
11,10,37,0.4200205636632626,31,1,0
12,12,16,0.06264247784884887,42,0,0
5,9,19,0.23946011284423382,37,-4,0
10,9,34,0.4338896918787777,81,1,0
5,14,27,0.16820067647491255,81,-9,0
6,9,28,0.41244381848174255,57,-3,0
19,17,13,0.01469906896059141,86,2,0
5,10,19,0.18368240452775592,57,-5,0
15,3,10,0.3294782017663036,86,12,1
9,6,32,0.37925389770374535,80,3,1
14,15,27,0.3462243986771465,20,-1,0
19,8,14,0.4186537656440577,64,11,1
13,11,24,0.003653248943903442,47,2,0
10,15,26,0.06056471998651289,40,-5,0
15,4,12,0.521366551367487,32,11,1
15,3,21,0.4090491864540967,46,12,1
5,15,11,0.06775898561160677,26,-10,0
17,12,10,0.5052446624391476,41,5,1
5,14,32,0.14533873069474015,93,-9,0
6,16,30,0.2869559305171341,72,-10,0
13,4,26,0.08711790773079617,98,9,1
7,9,31,0.426066033853024,98,-2,0
19,5,25,0.4001126526085607,23,14,1
5,12,14,0.1266674826996817,42,-7,0
9,4,24,0.5180404601142011,89,5,1
11,16,12,0.24078361453182728,95,-5,0
10,13,37,0.17550905464244507,52,-3,0
16,9,16,0.09139775367872127,47,7,1
5,15,20,0.15970080750932247,27,-10,0
9,15,19,0.013216152734290198,20,-6,0
19,4,18,0.34995449547366936,56,15,1
9,5,23,0.5053384478063687,82,4,1
10,13,22,0.3293882696649851,41,-3,0
7,9,38,0.13156437715432542,89,-2,0
9,16,34,0.02020150692832363,40,-7,0
11,6,39,0.1287768439552817,54,5,1
9,15,34,0.2496728568426554,98,-6,0
9,16,11,0.45576685721987786,24,-7,0
9,3,12,0.11270571152266445,79,6,1
14,15,16,0.43187487201281166,65,-1,0
14,16,30,0.5201600810111302,69,-2,0
7,7,27,0.2723681088650142,67,0,0
5,14,12,0.49285919498555597,25,-9,0
9,11,19,0.3327944088210573,75,-2,0
18,10,31,0.38225450224854296,78,8,1
13,14,38,0.3157670762029216,48,-1,0
18,17,16,0.27790363005080504,90,1,0
